representacao,vertices,arestas,densidade,tempo_construcao,tempo_triangulos,memoria_bytes,triangulos
GrafoMatriz,50,122,0.1,0.00013857699991604022,0.00013688200010619767,22968,27
GrafoLista,50,122,0.1,4.509900008997647e-05,0.00019093400010206096,24904,27
GrafoMatriz,50,612,0.5,5.943700011812325e-05,0.0006865329999072856,20784,2409
GrafoLista,50,612,0.5,0.00011403500002415967,0.0007860499999878812,112960,2409
GrafoMatriz,100,495,0.1,0.00011123999979645305,0.0008880150001004949,83968,166
GrafoLista,100,495,0.1,0.00010918499992840225,0.0010596900001473841,73000,166
GrafoMatriz,100,2475,0.5,0.00017849200003183796,0.0051698459999443,82448,20449
GrafoLista,100,2475,0.5,0.0003612109999266977,0.0059216479999122384,228128,20449
GrafoMatriz,150,1118,0.1,0.0001997199999550503,0.0026086400000622234,185752,552
GrafoLista,150,1118,0.1,0.00023545200019725598,0.0033123429998340725,145224,552
GrafoMatriz,150,5588,0.5,0.00041198399981112743,0.01731737299996894,185744,68807
GrafoLista,150,5588,0.5,0.001261634000002232,0.021125204999862035,712000,68807
